<?xml version="1.0" encoding="UTF-8"?>
<DARoots Version="1" Minor="26">
  <FileSet Name="sources" Type="DesignSrcs" RelSrcDir="$PSRCDIR/sources_1">
    <Filter Type="Srcs"/>
    <File Path="$PSRCDIR/sources_1/imports/new/fsm.vhd">
      <FileInfo>
        <Attr Name="ImportPath" Val="$PPRDIR/../../../../../../../home/student/Embedded/project_2/project_2.srcs/sources_1/imports/new/fsm.vhd"/>
        <Attr Name="ImportTime" Val="1441987675"/>
        <Attr Name="UsedInSynthesis" Val="1"/>
        <Attr Name="UsedInSimulation" Val="1"/>
      </FileInfo>
    </File>
    <File Path="$PSRCDIR/sources_1/imports/new/debounce.vhd">
      <FileInfo>
        <Attr Name="ImportPath" Val="$PPRDIR/../../../../../../../home/student/Embedded/project_2/project_2.srcs/sources_1/imports/new/debounce.vhd"/>
        <Attr Name="ImportTime" Val="1441985638"/>
        <Attr Name="UsedInSynthesis" Val="1"/>
        <Attr Name="UsedInSimulation" Val="1"/>
      </FileInfo>
    </File>
    <File Path="$PSRCDIR/sources_1/imports/new/head.vhd">
      <FileInfo>
        <Attr Name="ImportPath" Val="$PPRDIR/../../../../../../../home/student/Embedded/project_2/project_2.srcs/sources_1/imports/new/head.vhd"/>
        <Attr Name="ImportTime" Val="1441985638"/>
        <Attr Name="UsedInSynthesis" Val="1"/>
        <Attr Name="UsedInSimulation" Val="1"/>
      </FileInfo>
    </File>
    <Config>
      <Option Name="DesignMode" Val="RTL"/>
      <Option Name="TopModule" Val="head"/>
      <Option Name="TopLib" Val="work"/>
      <Option Name="TopArchitecture" Val="Behavioral"/>
      <Option Name="TopRTLFile" Val="$PSRCDIR/sources_1/imports/new/head.vhd"/>
      <Option Name="TopAutoSet" Val="TRUE"/>
    </Config>
  </FileSet>
</DARoots>
