<?xml version="1.0" encoding="UTF-8"?>
<DARoots Version="1" Minor="26">
  <FileSet Name="sim_1" Type="SimulationSrcs" RelSrcDir="$PSRCDIR/sim_1">
    <Filter Type="Srcs"/>
    <File Path="$PSRCDIR/sim_1/new/testbc.vhd">
      <FileInfo>
        <Attr Name="UsedInSynthesis" Val="1"/>
        <Attr Name="UsedInSimulation" Val="1"/>
      </FileInfo>
    </File>
    <Config>
      <Option Name="DesignMode" Val="RTL"/>
      <Option Name="TopModule" Val="testbench"/>
      <Option Name="SimulationRunTime" Val="100ms"/>
      <Option Name="SrcSet" Val="sources_1"/>
      <Option Name="NGOutputHDLFormat" Val="vhdl"/>
    </Config>
  </FileSet>
</DARoots>
